"time","mean_OMUVBd_003_UVindex"
2020-01-01,10.321825
2020-01-02,11.0155468
2020-01-03,9.92594433
2020-01-04,10.872777
2020-01-05,11.0335035
2020-01-06,11.0286255
2020-01-07,11.2405243
2020-01-08,10.2625952
2020-01-09,11.0417938
2020-01-10,10.8822966
2020-01-11,10.4796762
2020-01-12,10.2894707
2020-01-13,11.1599951
2020-01-14,11.8321905
2020-01-15,11.7237339
2020-01-16,11.8645382
2020-01-17,12.9185848
2020-01-18,12.2471704
2020-01-19,12.5986395
2020-01-20,12.0621824
2020-01-21,12.3229837
2020-01-22,12.5721655
2020-01-23,12.5951347
2020-01-24,11.377141
2020-01-25,12.2594004
2020-01-26,11.959795
2020-01-27,12.4897966
2020-01-28,12.126605
2020-01-29,11.6921349
2020-01-30,11.7082167
2020-01-31,11.2335148
2020-02-01,11.7856493
2020-02-02,12.2145414
2020-02-03,11.4264603
2020-02-04,12.315074
2020-02-05,11.5678892
2020-02-06,12.1560774
2020-02-07,10.3337669
2020-02-08,12.3533192
2020-02-09,11.257206
2020-02-10,11.9221258
2020-02-11,12.5542698
2020-02-12,12.1460314
2020-02-13,12.3484106
2020-02-14,12.3419571
2020-02-15,12.045084
2020-02-16,12.2438755
2020-02-17,11.6026888
2020-02-18,11.7471514
2020-02-19,10.9397202
2020-02-20,12.2611475
2020-02-21,11.7881927
2020-02-22,12.729372
2020-02-23,12.9057007
2020-02-24,12.93437
2020-02-25,12.5572891
2020-02-26,11.9906225
2020-02-27,12.4575548
2020-02-28,12.8303747
2020-02-29,13.1733198
2020-03-01,12.5686293
2020-03-02,12.8324003
2020-03-03,12.1918364
2020-03-04,11.3849659
2020-03-05,11.4697104
2020-03-06,12.0112867
2020-03-07,11.2850122
2020-03-08,11.543664
2020-03-09,12.8581867
2020-03-10,13.441164
2020-03-11,13.1620398
2020-03-12,12.1839867
2020-03-13,12.8816156
2020-03-14,12.1806221
2020-03-15,13.1803398
2020-03-16,12.8335924
2020-03-17,12.789959
2020-03-18,13.0239115
2020-03-19,12.5772171
2020-03-20,12.1158819
2020-03-21,11.8877525
2020-03-22,11.554451
2020-03-23,12.6383219
2020-03-24,11.6737185
2020-03-25,13.2340536
2020-03-26,12.3752546
2020-03-27,12.4244099
2020-03-28,11.7992258
2020-03-29,12.5571108
2020-03-30,12.0050039
2020-03-31,12.7005062
2020-04-01,12.3585997
2020-04-02,12.34688
2020-04-03,12.5585356
2020-04-04,12.3701305
2020-04-05,11.8117523
2020-04-06,11.7565842
2020-04-07,11.8200636
2020-04-08,11.6745367
2020-04-09,12.4434805
2020-04-10,12.8175135
2020-04-11,12.0430088
2020-04-12,12.0809727
2020-04-13,12.1385593
2020-04-14,11.7497044
2020-04-15,12.1253481
2020-04-16,11.5126534
2020-04-17,12.694869
2020-04-18,12.3585777
2020-04-19,12.1624842
2020-04-20,12.4315624
2020-04-21,12.9547577
2020-04-22,12.0214853
2020-04-23,11.1827717
2020-04-24,12.0368452
2020-04-25,11.2745543
2020-04-26,11.4193821
2020-04-27,11.0511475
2020-04-28,10.8447866
2020-04-29,11.4123955
2020-04-30,10.3483706
2020-05-01,11.0527496
2020-05-02,10.5743513
2020-05-03,10.7113457
2020-05-04,11.4065762
2020-05-05,11.2011852
2020-05-06,12.0181379
2020-05-07,11.299633
2020-05-08,11.0414314
2020-05-09,10.8773012
2020-05-10,11.3132219
2020-05-11,10.896122
2020-05-12,11.1362238
2020-05-13,11.2386923
2020-05-14,10.9590178
2020-05-15,11.1621466
2020-05-16,11.0279827
2020-05-17,9.99526405
2020-05-18,9.76414108
2020-05-19,10.018486
2020-05-20,10.2028236
2020-05-21,10.0881739
2020-05-22,8.7776432
2020-05-23,9.7080574
2020-05-24,10.1874285
2020-05-25,10.1225071
2020-05-26,10.6870432
2020-05-27,9.53308868
2020-05-28,10.0186691
2020-05-29,9.91030312
2020-05-30,10.4456787
2020-05-31,10.518281
2020-06-01,9.70646381
2020-06-02,10.2627058
2020-06-03,9.98317432
2020-06-04,9.89670467
2020-06-05,9.07376194
2020-06-06,9.17573833
2020-06-07,9.95034027
2020-06-08,9.51343632
2020-06-09,9.68778992
2020-06-10,9.95855999
2020-06-11,10.0315504
2020-06-12,9.60905933
2020-06-13,9.06443977
2020-06-14,10.0716915
2020-06-15,9.66206264
2020-06-16,9.47072029
2020-06-17,9.21166897
2020-06-18,9.34401608
2020-06-19,8.57177067
2020-06-20,9.42428684
2020-06-21,9.30337798345491
2020-06-22,8.78706551
2020-06-23,8.97797775
2020-06-24,8.74490738
2020-06-25,8.95606232
2020-06-26,8.8085413
2020-06-27,8.74544334
2020-06-28,9.36229801
2020-06-29,9.47058964
2020-06-30,9.66837883
2020-07-01,8.95082664
2020-07-02,9.02470207
2020-07-03,9.32687855
2020-07-04,9.74992847
2020-07-05,9.55384922
2020-07-06,9.08180428
2020-07-07,8.90839672
2020-07-08,8.72988224
2020-07-09,8.41262245
2020-07-10,8.98795128
2020-07-11,9.30960655
2020-07-12,8.90783119
2020-07-13,9.27342129
2020-07-14,8.51973057
2020-07-15,9.65414047
2020-07-16,9.4013958
2020-07-17,10.1591377
2020-07-18,9.22564697
2020-07-19,10.3000116
2020-07-20,9.84778214
2020-07-21,9.86611176
2020-07-22,9.73315048
2020-07-23,9.6527071
2020-07-24,9.97245789
2020-07-25,9.78400803
2020-07-26,9.73756886
2020-07-27,9.27677631
2020-07-28,9.62622166
2020-07-29,10.1091785
2020-07-30,9.65863037
2020-07-31,9.20533562
2020-08-01,9.85379601
2020-08-02,9.97311687
2020-08-03,9.72045135
2020-08-04,9.00153065
2020-08-05,9.60956955
2020-08-06,10.3056087
2020-08-07,11.1754255
2020-08-08,10.938818
2020-08-09,11.0077353
2020-08-10,11.3624783
2020-08-11,10.1889849
2020-08-12,10.8515034
2020-08-13,10.5733538
2020-08-14,11.1336155
2020-08-15,10.4643497
2020-08-16,10.9862995
2020-08-17,11.3939342
2020-08-18,11.3520184
2020-08-19,11.2416525
2020-08-20,11.5267649
2020-08-21,11.7767687
2020-08-22,11.2521162
2020-08-23,12.1965246
2020-08-24,11.1008539
2020-08-25,11.5139952
2020-08-26,11.5738792
2020-08-27,12.0368242
2020-08-28,11.5805292
2020-08-29,10.6100674
2020-08-30,11.8038893
2020-08-31,11.3200712
2020-09-01,11.1207819
2020-09-02,10.3425293
2020-09-03,10.2335453
2020-09-04,11.4908838
2020-09-05,11.1944141
2020-09-06,11.0140448
2020-09-07,10.4875288
2020-09-08,11.5770006
2020-09-09,11.1819735
2020-09-10,10.8616762
2020-09-11,11.01859
2020-09-12,11.3181696
2020-09-13,10.2872286
2020-09-14,11.0127907
2020-09-15,11.3064222
2020-09-16,11.8235912
2020-09-17,12.0932026
2020-09-18,12.2931471
2020-09-19,12.2658987
2020-09-20,11.5087452
2020-09-21,11.2558231
2020-09-22,11.747735
2020-09-23,11.7756119
2020-09-24,12.4442692
2020-09-25,11.1245251
2020-09-26,11.292491
2020-09-27,10.9175186
2020-09-28,11.5989008
2020-09-29,12.2494535
2020-09-30,11.3744946
2020-10-01,12.0466509
2020-10-02,11.8743601
2020-10-03,11.6851254
2020-10-04,11.4750824
2020-10-05,12.2064886
2020-10-06,12.394825
2020-10-07,10.6910219
2020-10-08,11.0949059
2020-10-09,10.70012
2020-10-10,11.2216988
2020-10-11,11.3388786
2020-10-12,11.4149609
2020-10-13,12.1001072
2020-10-14,11.810051
2020-10-15,10.9902658
2020-10-16,11.5561838
2020-10-17,11.3641415
2020-10-18,11.091177
2020-10-19,11.8414707
2020-10-20,12.3980684
2020-10-21,12.2942619
2020-10-22,12.3697243
2020-10-23,11.8563557
2020-10-24,11.8992615
2020-10-25,11.4597511
2020-10-26,11.1464548
2020-10-27,11.7360888
2020-10-28,11.6811209
2020-10-29,11.2454062
2020-10-30,12.2383556
2020-10-31,11.1409206
2020-11-01,11.5011024
2020-11-02,10.5789595
2020-11-03,9.55503273
2020-11-04,11.5916147
2020-11-05,11.6650038
2020-11-06,11.1618986
2020-11-07,11.6069946
2020-11-08,10.9682779
2020-11-09,12.0198231
2020-11-10,12.2781277
2020-11-11,12.1599216
2020-11-12,12.0081081
2020-11-13,12.3645058
2020-11-14,11.2073326
2020-11-15,11.3952341
2020-11-16,11.5827312
2020-11-17,11.1592579
2020-11-18,11.6123009
2020-11-19,11.1303263
2020-11-20,11.4244461
2020-11-21,9.90822315
2020-11-22,10.5866499
2020-11-23,11.0274811
2020-11-24,10.8253727
2020-11-25,10.1061897
2020-11-26,9.41126633
2020-11-27,10.516407
2020-11-28,10.5636606
2020-11-29,10.1175747
2020-11-30,10.1719847
2020-12-01,10.6720428
2020-12-02,10.4730091
2020-12-03,10.8993664
2020-12-04,10.8232164
2020-12-05,10.8544416
2020-12-06,10.443944
2020-12-07,10.779603
2020-12-08,11.8060131
2020-12-09,10.9136419
2020-12-10,10.5006657
2020-12-11,11.2624302
2020-12-12,9.99404812
2020-12-13,10.8432102
2020-12-14,10.4709969
2020-12-15,10.2461386
2020-12-16,9.66350079
2020-12-17,10.5484104
2020-12-18,10.2932844
2020-12-19,10.1424379
2020-12-20,10.6609449
2020-12-21,10.0186472
2020-12-22,10.7141047
2020-12-23,11.5066538
2020-12-24,10.5004206
2020-12-25,10.6792631
2020-12-26,9.71948338
2020-12-27,11.8492842
2020-12-28,10.3073025
2020-12-29,10.7090673
2020-12-30,10.7013931
2020-12-31,10.716979
2021-01-01,11.0960131
2021-01-02,10.7396984
2021-01-03,11.1636753
2021-01-04,10.4084501
2021-01-05,10.6293678
2021-01-06,10.4050541
2021-01-07,10.5952568
2021-01-08,11.014328
2021-01-09,10.9630861
2021-01-10,11.0131798
2021-01-11,10.8797112
2021-01-12,11.2942581
2021-01-13,9.85720634
2021-01-14,10.6037617
2021-01-15,10.3992157
2021-01-16,10.853158
2021-01-17,9.90357018
2021-01-18,10.079874
2021-01-19,10.815917
2021-01-20,11.9355574
2021-01-21,11.898406
2021-01-22,12.3618345
2021-01-23,11.638629
2021-01-24,11.0965843
2021-01-25,10.8603601
2021-01-26,10.9731426
2021-01-27,10.6036501
2021-01-28,10.4555006
2021-01-29,10.2981625
2021-01-30,10.9963465
2021-01-31,11.2809315
2021-02-01,10.6932049
2021-02-02,11.5551224
2021-02-03,11.0425959
2021-02-04,11.2263412
2021-02-05,11.1927366
2021-02-06,11.9910526
2021-02-07,11.7562208
2021-02-08,12.4871321
2021-02-09,11.8196278
2021-02-10,12.5834627
2021-02-11,12.0216208
2021-02-12,12.0774946
2021-02-13,10.8290701
2021-02-14,11.3594208
2021-02-15,12.1904135
2021-02-16,12.2226162
2021-02-17,12.5878935
2021-02-18,11.3531618
2021-02-19,11.4125223
2021-02-20,12.1112452
2021-02-21,12.3490057
2021-02-22,11.2304077
2021-02-23,12.1313763
2021-02-24,11.3079729
2021-02-25,12.8706045
2021-02-26,12.3169985
2021-02-27,13.3961287
2021-02-28,12.266386
2021-03-01,12.4318218
2021-03-02,11.7850771
2021-03-03,12.1922112
2021-03-04,12.4960165
2021-03-05,12.3469954
2021-03-06,11.6581573
2021-03-07,11.5421619
2021-03-08,12.4812393
2021-03-09,12.1673889
2021-03-10,12.021862
2021-03-11,12.8160629
2021-03-12,12.1291695
2021-03-13,12.2411213
2021-03-14,11.7429991
2021-03-15,13.2325897
2021-03-16,12.4459286
2021-03-17,12.9970789
2021-03-18,12.2399912
2021-03-19,13.2939692
2021-03-20,12.8176146
2021-03-21,12.7636213
2021-03-22,12.5014582
2021-03-23,11.9608088
2021-03-24,12.1891832
2021-03-25,11.3692951
2021-03-26,11.5310078
2021-03-27,11.0911598
2021-03-28,11.596015
2021-03-29,11.4475994
2021-03-30,11.5538044
2021-03-31,11.7233553
2021-04-01,11.0713711
2021-04-02,11.1073637
2021-04-03,11.1311741
2021-04-04,12.3187571
2021-04-05,12.2897291
2021-04-06,11.9437561
2021-04-07,11.3037434
2021-04-08,11.469842
2021-04-09,12.2770329
2021-04-10,11.345005
2021-04-11,11.7470303
2021-04-12,11.9479828
2021-04-13,11.7550287
2021-04-14,12.2153559
2021-04-15,11.5957928
2021-04-16,12.4964914
2021-04-17,10.9185133
2021-04-18,11.3156748
2021-04-19,11.9746723
2021-04-20,12.0735779
2021-04-21,12.2391672
2021-04-22,11.1518097
2021-04-23,12.0162296
2021-04-24,11.5605183
2021-04-25,11.268961
2021-04-26,11.6399984
2021-04-27,11.7412882
2021-04-28,11.5811357
2021-04-29,11.4969921
2021-04-30,11.0535574
2021-05-01,11.1116266
2021-05-02,11.2041636
2021-05-03,11.2108994
2021-05-04,10.8263435
2021-05-05,9.5797224
2021-05-06,9.66802979
2021-05-07,9.71299362
2021-05-08,10.0779629
2021-05-09,9.514431
2021-05-10,10.6746378
2021-05-11,10.6057816
2021-05-12,10.3868923
2021-05-13,10.0813618
2021-05-14,10.0651255
2021-05-15,10.2245998
2021-05-16,9.3516283
2021-05-17,9.12828541
2021-05-18,8.95528221
2021-05-19,9.37038612
2021-05-20,9.64367962
2021-05-21,9.85034847
2021-05-22,10.2315664
2021-05-23,9.88426781
2021-05-24,10.4339714
2021-05-25,10.254303
2021-05-26,10.0236139
2021-05-27,10.2878389
2021-05-28,9.86326122
2021-05-29,10.2814064
2021-05-30,9.90181351
2021-05-31,9.8471365
2021-06-01,9.93289185
2021-06-02,10.2586308
2021-06-03,10.4208212
2021-06-04,9.78931522
2021-06-05,9.7588501
2021-06-06,10.015379
2021-06-07,9.77255821
2021-06-08,10.1755934
2021-06-09,10.4378252
2021-06-10,9.27995014
2021-06-11,9.76515484
2021-06-12,9.08113861
2021-06-13,9.05491829
2021-06-14,9.19684219
2021-06-15,8.77880096
2021-06-16,9.84570217
2021-06-17,9.15079689
2021-06-18,9.0218811
2021-06-19,9.37018299
2021-06-20,8.89128113
2021-06-21,9.1238451
2021-06-22,9.11383152
2021-06-23,9.56976891
2021-06-24,9.06002235
2021-06-25,9.27501488
2021-06-26,9.33300209
2021-06-27,8.94332123
2021-06-28,9.03925419
2021-06-29,8.85555077
2021-06-30,9.59548473
2021-07-01,8.93547249
2021-07-02,9.0432291
2021-07-03,8.53558159
2021-07-04,9.31117439
2021-07-05,9.17343521
2021-07-06,8.76337624
2021-07-07,9.22092533
2021-07-08,9.07688522
2021-07-09,8.8715744
2021-07-10,9.1254282
2021-07-11,8.67856312
2021-07-12,9.42597103
2021-07-13,8.46091843
2021-07-14,7.94265413
2021-07-15,8.86407757
2021-07-16,8.62530422
2021-07-17,9.51580715
2021-07-18,10.0721369
2021-07-19,10.196331
2021-07-20,10.0302639
2021-07-21,9.14643383
2021-07-22,9.93146038
2021-07-23,10.307147
2021-07-24,9.82107639
2021-07-25,10.5385733
2021-07-26,11.285202
2021-07-27,11.0210629
2021-07-28,10.8244877
2021-07-29,10.6946917
2021-07-30,10.3147268
2021-07-31,10.3736324
2021-08-01,10.4476233
2021-08-02,10.8006392
2021-08-03,10.5405493
2021-08-04,9.9921608
2021-08-05,10.2366705
2021-08-06,10.7002344
2021-08-07,10.1913643
2021-08-08,9.64130688
2021-08-09,10.6018562
2021-08-10,10.7045383
2021-08-11,11.4141941
2021-08-12,10.7263422
2021-08-13,10.0845251
2021-08-14,10.6518812
2021-08-15,10.5350018
2021-08-16,10.5909243
2021-08-17,10.3167667
2021-08-18,9.88566685
2021-08-19,10.1858158
2021-08-20,10.0852003
2021-08-21,10.5849714
2021-08-22,9.64679813
2021-08-23,10.6512098
2021-08-24,10.6429577
2021-08-25,10.5346613
2021-08-26,11.4269552
2021-08-27,11.1716461
2021-08-28,10.5908289
2021-08-29,11.7064667
2021-08-30,10.7054052
2021-08-31,11.1068678
2021-09-01,10.0205765
2021-09-02,11.039711
2021-09-03,10.5672035
2021-09-04,11.4139528
2021-09-05,11.408987
2021-09-06,11.573741
2021-09-07,11.6216545
2021-09-08,11.1049776
2021-09-09,11.4140348
2021-09-10,11.6387053
2021-09-11,11.3378296
2021-09-12,11.3371067
2021-09-13,10.7809906
2021-09-14,10.936656
2021-09-15,11.764679
2021-09-16,10.9723091
2021-09-17,12.2035341
2021-09-18,11.1153297
2021-09-19,11.1634216
2021-09-20,12.0064487
2021-09-21,11.2263727
2021-09-22,11.8430529
2021-09-23,11.3775692
2021-09-24,11.259923
2021-09-25,12.6420813
2021-09-26,11.3875656
2021-09-27,12.6604261
2021-09-28,12.3155594
2021-09-29,11.5046453
2021-09-30,11.8900385
2021-10-01,10.6790018
2021-10-02,12.178937
2021-10-03,11.8972282
2021-10-04,12.2873325
2021-10-05,13.0026217
2021-10-06,12.818759
2021-10-07,12.6626816
2021-10-08,13.1779108
2021-10-09,13.7632141
2021-10-10,12.2031012
2021-10-11,13.0876389
2021-10-12,13.7738981
2021-10-13,13.5178537
2021-10-14,12.4486103
2021-10-15,13.6839199
2021-10-16,13.4100809
2021-10-17,10.9304781
2021-10-18,12.4700909
2021-10-19,11.4283161
2021-10-20,12.5840483
2021-10-21,12.1414394
2021-10-22,11.2402582
2021-10-23,12.9867926
2021-10-24,12.6640682
2021-10-25,12.3795853
2021-10-26,12.3329868
2021-10-27,12.1071606
2021-10-28,11.2861624
2021-10-29,12.5248051
2021-10-30,11.4723253
2021-10-31,12.1674662
2021-11-01,11.3686085
2021-11-02,12.0113659
2021-11-03,12.7979269
2021-11-04,11.7986488
2021-11-05,12.1020374
2021-11-06,12.2529306
2021-11-07,12.2047682
2021-11-08,11.7270231
2021-11-09,11.9771576
2021-11-10,11.0576687
2021-11-11,10.3249607
2021-11-12,10.685317
2021-11-13,10.2475424
2021-11-14,11.0809927
2021-11-15,10.5250072
2021-11-16,11.6536093
2021-11-17,11.8822908
2021-11-18,11.3409729
2021-11-19,10.8414488
2021-11-20,11.4994593
2021-11-21,11.6789923
2021-11-22,11.8758717
2021-11-23,11.5813274
2021-11-24,10.1673317
2021-11-25,12.3512001
2021-11-26,10.9172468
2021-11-27,10.5549612
2021-11-28,10.2325468
2021-11-29,11.4145555
2021-11-30,11.4628506
2021-12-01,11.4102087
2021-12-02,10.8975821
2021-12-03,11.7043352
2021-12-04,9.88591957
2021-12-05,10.046257
2021-12-06,10.4743013
2021-12-07,10.7496395
2021-12-08,10.4603643
2021-12-09,11.468565
2021-12-10,10.8672314
2021-12-11,11.6200571
2021-12-12,10.7277079
2021-12-13,11.3150501
2021-12-14,11.5073757
2021-12-15,11.4734259
2021-12-16,11.4177399
2021-12-17,10.7818365
2021-12-18,10.9061289
2021-12-19,11.2658167
2021-12-20,9.6908226
2021-12-21,10.6811142
2021-12-22,10.5359087
2021-12-23,10.0380869
2021-12-24,11.856513
2021-12-25,11.061554
2021-12-26,11.4048281
2021-12-27,10.1263151
2021-12-28,11.0024185
2021-12-29,11.2189007
2021-12-30,11.286829
2021-12-31,10.0535593
2022-01-01,10.8217402
2022-01-02,10.2840633
2022-01-03,10.9010572
2022-01-04,10.783823
2022-01-05,11.3717709
2022-01-06,11.0461884
2022-01-07,11.3109465
2022-01-08,11.3260632
2022-01-09,10.7896938
2022-01-10,11.0565958
2022-01-11,11.0607157
2022-01-12,11.6077185
2022-01-13,11.0517874
2022-01-14,12.1674986
2022-01-15,11.1169415
2022-01-16,10.3089781
2022-01-17,10.9229498
2022-01-18,10.6337938
2022-01-19,10.0869513
2022-01-20,10.0558157
2022-01-21,11.1756163
2022-01-22,12.0091915
2022-01-23,12.6981258
2022-01-24,12.9505205
2022-01-25,12.9134455
2022-01-26,12.8842793
2022-01-27,12.5461416
2022-01-28,11.9528093
2022-01-29,12.4905558
2022-01-30,12.1657848
2022-01-31,11.9908781
2022-02-01,11.5735474
2022-02-02,12.1565237
2022-02-03,12.2963266
2022-02-04,11.9716415
2022-02-05,12.192523
2022-02-06,11.5064688
2022-02-07,11.8739195
2022-02-08,11.3086634
2022-02-09,10.9247293
2022-02-10,10.4369154
2022-02-11,11.2014503
2022-02-12,12.0098982
2022-02-13,11.7259865
2022-02-14,12.8381453
2022-02-15,12.4160385
2022-02-16,11.9426212
2022-02-17,12.1892614
2022-02-18,12.45856
2022-02-19,12.3533754
2022-02-20,11.6532736
2022-02-21,10.8408337
2022-02-22,10.7295723
2022-02-23,12.2583132
2022-02-24,11.5538626
2022-02-25,12.6825504
2022-02-26,13.1644936
2022-02-27,12.7769508
2022-02-28,13.2307863
2022-03-01,13.1229973
2022-03-02,13.0304546
2022-03-03,12.0709724
2022-03-04,12.7125187
2022-03-05,11.5441236
2022-03-06,12.6986656
2022-03-07,11.0784035
2022-03-08,12.9690714
2022-03-09,13.2560539
2022-03-10,13.2920923
2022-03-11,12.9667759
2022-03-12,13.9444914
2022-03-13,12.3286219
2022-03-14,13.0506325
2022-03-15,13.4131422
2022-03-16,13.6344385
2022-03-17,12.8075371
2022-03-18,11.8649769
2022-03-19,13.7197657
2022-03-20,11.881218
2022-03-21,12.9343567
2022-03-22,12.2923717
2022-03-23,12.7201014
2022-03-24,13.2499084
2022-03-25,12.76262
2022-03-26,13.2658367
2022-03-27,11.8634539
2022-03-28,14.0142012
2022-03-29,12.683877
2022-03-30,13.1273632
2022-03-31,13.012187
2022-04-01,13.2086163
2022-04-02,12.9731016
2022-04-03,12.948102
2022-04-04,13.0588131
2022-04-05,12.4746466
2022-04-06,12.9175482
2022-04-07,12.840476
2022-04-08,12.5876045
2022-04-09,12.531765
2022-04-10,12.1668301
2022-04-11,12.7437649
2022-04-12,12.977561
2022-04-13,12.7728662
2022-04-14,13.4841623
2022-04-15,12.5935135
2022-04-16,12.1645756
2022-04-17,12.7030945
2022-04-18,11.9077702
2022-04-19,11.5245752
2022-04-20,12.0601635
2022-04-21,12.252018
2022-04-22,12.0915442
2022-04-23,12.2806597
2022-04-24,12.4825249
2022-04-25,11.4894342
2022-04-26,12.0694189
2022-04-27,10.8062191
2022-04-28,11.55937
2022-04-29,12.0638056
2022-04-30,10.8715525
2022-05-01,11.7979136
2022-05-02,11.6684122
2022-05-03,11.8358564
2022-05-04,10.7253714
2022-05-05,11.7186251
2022-05-06,11.2788658
2022-05-07,11.0349464
2022-05-08,10.4205656
2022-05-09,9.83182907
2022-05-10,10.1472187
2022-05-11,10.8110838
2022-05-12,10.7163458
2022-05-13,11.3096972
2022-05-14,9.83213806
2022-05-15,10.8829622
2022-05-16,10.478756
2022-05-17,10.5933056
2022-05-18,10.9411125
2022-05-19,10.3509026
2022-05-20,10.4226866
2022-05-21,9.89661789
2022-05-22,10.1928482
2022-05-23,10.1396704
2022-05-24,9.24551392
2022-05-25,9.03706837
2022-05-26,9.58002949
2022-05-27,9.57729816
2022-05-28,10.589262
2022-05-29,9.99806023
2022-05-30,10.2484074
2022-05-31,10.0977821
2022-06-01,10.138237
2022-06-02,9.65832996
2022-06-03,9.96308327
2022-06-04,9.38379478
2022-06-05,9.59333706
2022-06-06,9.85140133
2022-06-07,9.84950924
2022-06-08,9.97425175
2022-06-09,8.34956169
2022-06-10,9.83989143
2022-06-11,9.24668217
2022-06-12,9.25303841
2022-06-13,9.47199917
2022-06-14,9.65359688
2022-06-15,9.1224556
2022-06-16,8.77251244
2022-06-17,8.8909502
2022-06-18,8.95122719
2022-06-19,9.24114227
2022-06-20,8.92670727
2022-06-21,9.06497383
2022-06-22,9.23406315
2022-06-23,8.51101589
2022-06-24,8.80095863
2022-06-25,9.09871197
2022-06-26,9.22817421
2022-06-27,8.93666363
2022-06-28,8.71878242
2022-06-29,9.47282124
2022-06-30,9.28254986
2022-07-01,9.82823849
2022-07-02,9.36264229
2022-07-03,9.14504051
2022-07-04,9.0869627
2022-07-05,8.90183926
2022-07-06,8.69314194
2022-07-07,9.22051239
2022-07-08,8.84554005
2022-07-09,8.99558449
2022-07-10,8.9112978
2022-07-11,8.68408108
2022-07-12,8.76618576
2022-07-13,8.43979263
2022-07-14,8.61973
2022-07-15,8.95832539
2022-07-16,9.23278809
2022-07-17,7.79706621
2022-07-18,9.25242901
2022-07-19,9.61356163
2022-07-20,9.50529575
2022-07-21,9.94598293
2022-07-22,8.98069763
2022-07-23,9.82874775
2022-07-24,9.80663872
2022-07-25,9.23012829
2022-07-26,9.70343018
2022-07-27,9.39451218
2022-07-28,8.94940260550338
2022-07-29,8.96942616
2022-07-30,9.29000759
2022-07-31,8.96767521
2022-08-01,9.79911709
2022-08-02,9.20210075
2022-08-03,8.81942654
2022-08-04,9.85173416
2022-08-05,9.6143856
2022-08-06,9.87948132
2022-08-07,10.8492117
2022-08-08,10.7550135
2022-08-09,9.87327957
2022-08-10,10.3705978
2022-08-11,10.92368196438
2022-08-12,10.6522598
2022-08-13,9.6448288
2022-08-14,9.72655869
2022-08-15,10.3315153
2022-08-16,9.58429527
2022-08-17,10.5519838
2022-08-18,10.090929
2022-08-19,10.6214199
2022-08-20,10.5601206
2022-08-21,9.90102768
2022-08-22,10.6074829
2022-08-23,10.8438272
2022-08-24,10.6927395
2022-08-25,10.0512342
2022-08-26,10.1634054
2022-08-27,10.5386124
2022-08-28,10.1360483
2022-08-29,11.000721
2022-08-30,9.91281033
2022-08-31,11.731988
2022-09-01,11.4078121
2022-09-02,10.5119333
2022-09-03,10.90837
2022-09-04,10.1390495
2022-09-05,9.92741108
2022-09-06,10.7620039
2022-09-07,10.1883821
2022-09-08,10.4651423
2022-09-09,11.005526358001
2022-09-10,10.8604412
2022-09-11,10.4417515
2022-09-12,11.6595325
2022-09-13,9.74756145
2022-09-14,11.1061544
2022-09-15,11.9607859
2022-09-16,11.4650688
2022-09-17,10.6293545
2022-09-18,10.9962902
2022-09-19,11.2877722
2022-09-20,10.9648581
2022-09-21,10.9301996
2022-09-22,10.8391075
2022-09-23,12.0167532
2022-09-24,11.2152042
2022-09-25,11.8816957
2022-09-26,11.8022375
2022-09-27,11.9209747
2022-09-28,11.9885254
2022-09-29,10.638032
2022-09-30,11.5960579
2022-10-01,11.4264736
2022-10-02,11.1205053
2022-10-03,11.6464195
2022-10-04,11.2996836
2022-10-05,10.8955975
2022-10-06,10.3925056
2022-10-07,11.0503531
2022-10-08,10.9182329
2022-10-09,10.9096537
2022-10-10,10.8250256
2022-10-11,10.0968332
2022-10-12,11.81141
2022-10-13,11.0926399
2022-10-14,11.8605194
2022-10-15,10.5497417
2022-10-16,11.4216509
2022-10-17,11.196208
2022-10-18,11.1563368
2022-10-19,10.4595919
2022-10-20,11.4146919
2022-10-21,10.8959656
2022-10-22,11.0587454
2022-10-23,11.5480852
2022-10-24,10.6296082
2022-10-25,10.7320566
2022-10-26,10.6342907
2022-10-27,10.5558119
2022-10-28,11.120182
2022-10-29,11.0895252
2022-10-30,11.6590719
2022-10-31,11.1667995
2022-11-01,10.8423643
2022-11-02,11.2544203
2022-11-03,11.1149979
2022-11-04,10.8198309
2022-11-05,10.757864
2022-11-06,10.1397533
2022-11-07,10.3155718
2022-11-08,10.4996252
2022-11-09,10.4500713
2022-11-10,10.2762575
2022-11-11,10.4771376
2022-11-12,10.2044716
2022-11-13,10.847043
2022-11-14,9.99812508
2022-11-15,10.374053
2022-11-16,9.6201973
2022-11-17,10.3627548
2022-11-18,10.0203352
2022-11-19,9.19811821
2022-11-20,10.0791883
2022-11-21,10.8441324
2022-11-22,11.0077019
2022-11-23,8.95270729
2022-11-24,10.2233009
2022-11-25,10.1753521
2022-11-26,10.8040457
2022-11-27,11.2902584
2022-11-28,10.9189596
2022-11-29,10.0692692
2022-11-30,10.1622896
2022-12-01,10.3020277
2022-12-02,10.3402395
2022-12-03,10.1994686
2022-12-04,10.6508102
2022-12-05,10.2099285
2022-12-06,10.7142525
2022-12-07,10.4641485
2022-12-08,10.8935871
2022-12-09,9.74993706
2022-12-10,10.3039598
2022-12-11,9.64716339
2022-12-12,9.8255167
2022-12-13,9.23598194
2022-12-14,9.5707655
2022-12-15,9.82326126
2022-12-16,10.0932369
2022-12-17,10.0176601
2022-12-18,9.7000103
2022-12-19,11.2271996
2022-12-20,10.9358578
2022-12-21,10.6446333
2022-12-22,10.5777607
2022-12-23,9.42380714
2022-12-24,9.11875916
2022-12-25,8.80413342
2022-12-26,9.50151634
2022-12-27,9.0960741
2022-12-28,9.3914547
2022-12-29,8.94078159
2022-12-30,9.31099701
2022-12-31,10.039794
2023-01-01,10.5152464
2023-01-02,11.0906439
2023-01-03,10.0558138
2023-01-04,10.4815035
2023-01-05,10.805604
2023-01-06,10.1238356
2023-01-07,9.98176956
2023-01-08,9.96450329
2023-01-09,9.41378784
2023-01-10,10.5196791
2023-01-11,11.0468206
2023-01-12,10.9509411
2023-01-13,11.5631752
2023-01-14,11.9870653
2023-01-15,10.8500414
2023-01-16,11.2350712
2023-01-17,10.7338533
2023-01-18,10.123723
2023-01-19,10.1313305
2023-01-20,10.3078337
2023-01-21,10.4345808
2023-01-22,10.8148813
2023-01-23,10.6391335
2023-01-24,10.2064581
2023-01-25,9.72764683
2023-01-26,10.3023233
2023-01-27,9.75611496
2023-01-28,9.64016056
2023-01-29,10.750246
2023-01-30,10.4606733
2023-01-31,10.3213902
2023-02-01,10.501193
2023-02-02,10.5333662
2023-02-03,10.3352947
2023-02-04,10.1321239
2023-02-05,11.1510725
2023-02-06,10.9002857
2023-02-07,10.9891653
2023-02-08,11.0612316
2023-02-09,10.6149139
2023-02-10,11.6247759
2023-02-11,11.1585464
2023-02-12,10.3718395
2023-02-13,11.0908766
2023-02-14,11.7367115
2023-02-15,11.3579483
2023-02-16,11.7015877
2023-02-17,11.4003391
2023-02-18,12.7578897
2023-02-19,11.847167
2023-02-20,11.3912907
2023-02-21,12.0701733
2023-02-22,11.424469
2023-02-23,11.8600569
2023-02-24,10.5436192
2023-02-25,11.6632595
2023-02-26,11.5298119
2023-02-27,11.2083998
2023-02-28,10.9002733
2023-03-01,10.9078913
2023-03-02,11.97264
2023-03-03,10.6926804
2023-03-04,11.7204018
2023-03-05,10.7469587
2023-03-06,12.1360226
2023-03-07,12.2636642
2023-03-08,13.0149155
2023-03-09,12.9360981
2023-03-10,12.3924761
2023-03-11,11.9033318
2023-03-12,11.9809265
2023-03-13,11.911293
2023-03-14,11.7731047
2023-03-15,11.684207
2023-03-16,11.7631073
2023-03-17,11.625618
2023-03-18,11.5271215
2023-03-19,12.6065073
2023-03-20,12.0714226
2023-03-21,12.9997196
2023-03-22,12.3081942
2023-03-23,12.7480297
2023-03-24,12.0474606
2023-03-25,11.416172
2023-03-26,11.7912407
2023-03-27,11.1501436
2023-03-28,11.0057077
2023-03-29,11.4365969
2023-03-30,10.8715687
2023-03-31,10.6956463
2023-04-01,11.1750135
2023-04-02,11.5596075
2023-04-03,11.1056719
2023-04-04,10.6161671
2023-04-05,10.4792747
2023-04-06,10.4841137
2023-04-07,11.5768137
2023-04-08,11.4160404
2023-04-09,11.8654728
2023-04-10,12.0504847
2023-04-11,12.442646
2023-04-12,12.2742147
2023-04-13,11.5989704
2023-04-14,10.8806229
2023-04-15,11.3880968
2023-04-16,11.4197178
2023-04-17,11.925499
2023-04-18,11.3332844
2023-04-19,11.6844511
2023-04-20,10.6846085
2023-04-21,11.8111343
2023-04-22,11.1465073
2023-04-23,10.9226027
2023-04-24,11.2283258
2023-04-25,11.4014616
2023-04-26,10.9985924
2023-04-27,10.7188139
2023-04-28,10.5987997
2023-04-29,10.3894396
2023-04-30,10.3920879
2023-05-01,10.6693573
2023-05-02,10.1083622
2023-05-03,10.8880119
2023-05-04,10.8170118
2023-05-05,10.2748442
2023-05-06,10.1506557
2023-05-07,9.77428341
2023-05-08,9.37012005
2023-05-09,9.60251522
2023-05-10,9.99961662
2023-05-11,9.79175186
2023-05-12,10.8247032
2023-05-13,10.6842546
2023-05-14,10.5322266
2023-05-15,10.5925341
2023-05-16,10.5858965
2023-05-17,9.71806526
2023-05-18,9.8368063
2023-05-19,8.96827126
2023-05-20,10.5499363
2023-05-21,10.247613
2023-05-22,10.15625
2023-05-23,9.98923874
2023-05-24,10.1564579
2023-05-25,10.5489864
2023-05-26,9.45637989
2023-05-27,10.1193047
2023-05-28,10.0549135
2023-05-29,9.84046459
2023-05-30,9.96203518
2023-05-31,10.3054476
2023-06-01,9.24589825
2023-06-02,10.3388214
2023-06-03,9.67403984
2023-06-04,9.56576538
2023-06-05,9.34781456
2023-06-06,9.22778797
2023-06-07,9.5314436
2023-06-08,9.5514555
2023-06-09,9.49056244
2023-06-10,9.96640968
2023-06-11,9.51142979
2023-06-12,9.11335373
2023-06-13,9.16609955
2023-06-14,8.7278862
2023-06-15,8.85133934
2023-06-16,9.36654568
2023-06-17,9.42061806
2023-06-18,9.27966118
2023-06-19,8.6675272
2023-06-20,8.95635605
2023-06-21,9.74092388
2023-06-22,9.91291142
2023-06-23,9.87338227811361
2023-06-24,9.64246082
2023-06-25,9.32240486
2023-06-26,9.46735287
2023-06-27,9.10717964
2023-06-28,9.62541676
2023-06-29,9.47919369
2023-06-30,9.23676205
2023-07-01,8.69550228
2023-07-02,9.18672085
2023-07-03,8.8238039
2023-07-04,8.68326664
2023-07-05,8.62677097
2023-07-06,8.79744148
2023-07-07,8.10267353
2023-07-08,9.0186882
2023-07-09,9.54930592
2023-07-10,8.87367344
2023-07-11,8.5392189
2023-07-12,9.75627518
2023-07-13,9.12189102
2023-07-14,9.17742443
2023-07-15,9.24847031
2023-07-16,9.98165798
2023-07-17,10.0655336
2023-07-18,9.74066448
2023-07-19,10.0873289
2023-07-20,9.01863003
2023-07-21,9.49293709
2023-07-22,10.5405426
2023-07-23,10.0584087
2023-07-24,10.0313234
2023-07-25,10.5757055
2023-07-26,10.8139839
2023-07-27,10.9358101
2023-07-28,10.9097462
2023-07-29,10.87321
2023-07-30,10.6245947
2023-07-31,10.7977543
2023-08-01,10.3903904
2023-08-02,10.3035326
2023-08-03,10.8305397
2023-08-04,10.4924135
2023-08-05,10.9578876
2023-08-06,10.9177666
2023-08-07,10.7330389
2023-08-08,11.073534
2023-08-09,11.1774178
2023-08-10,10.8039513
2023-08-11,10.6644049
2023-08-12,10.968729
2023-08-13,10.9797125
2023-08-14,10.6212311
2023-08-15,10.8504992
2023-08-16,10.9782591
2023-08-17,10.6518173
2023-08-18,10.1866236
2023-08-19,10.9037943
2023-08-20,11.4538412
2023-08-21,11.0833731
2023-08-22,11.0732822
2023-08-23,10.9430094
2023-08-24,11.242959
2023-08-25,10.7036638
2023-08-26,11.2634621
2023-08-27,11.5250921
2023-08-28,11.310216
2023-08-29,11.8982763
2023-08-30,11.5950813
2023-08-31,11.9026995
2023-09-01,12.412365
2023-09-02,12.3035803
2023-09-03,11.4397354
2023-09-04,11.5538588
2023-09-05,11.2944212
2023-09-06,10.6771669
2023-09-07,11.0039749
2023-09-08,12.1526241
2023-09-09,10.9451284
2023-09-10,11.148509
2023-09-11,11.9756041
2023-09-12,10.8611746
2023-09-13,12.3196859
2023-09-14,11.5301542
2023-09-15,11.3939877
2023-09-16,12.1032772
2023-09-17,11.1416035
2023-09-18,11.9696074
2023-09-19,11.7181196
2023-09-20,11.8976803
2023-09-21,12.2777567
2023-09-22,12.476099
2023-09-23,11.8830458321745
2023-09-24,11.7807941
2023-09-25,12.948925
2023-09-26,13.0057411
2023-09-27,12.6755667
2023-09-28,13.0175085
2023-09-29,12.1824751
2023-09-30,12.5915394
2023-10-01,12.6930494
2023-10-02,13.2440929
2023-10-03,12.7453041
2023-10-04,13.4708557
2023-10-05,13.262352
2023-10-06,13.4749527
2023-10-07,13.3120289
2023-10-08,13.4285059
2023-10-09,12.9994383
2023-10-10,13.0778618
2023-10-11,13.3709421
2023-10-12,12.972106
2023-10-13,13.1529722
2023-10-14,12.6045141
2023-10-15,13.1157207
2023-10-16,12.9747133
2023-10-17,13.4108143
2023-10-18,11.7572174
2023-10-19,12.574378
2023-10-20,12.4416637
2023-10-21,12.9729347
2023-10-22,12.3107738
2023-10-23,13.1928692
2023-10-24,12.4858513
2023-10-25,13.1301584
2023-10-26,13.0004139
2023-10-27,12.7195835
2023-10-28,12.527648
2023-10-29,12.6302013
2023-10-30,12.522706
2023-10-31,11.8549166
2023-11-01,12.4751053
2023-11-02,12.588357
2023-11-03,12.5027523
2023-11-04,11.8208456
2023-11-05,12.5288782
2023-11-06,12.3467951
2023-11-07,12.0153532
2023-11-08,12.771142
2023-11-09,11.7370834
2023-11-10,12.4629021
2023-11-11,11.9361429
2023-11-12,11.7922993
2023-11-13,11.9601784
2023-11-14,12.0501223
2023-11-15,12.5488691
2023-11-16,11.9304228
2023-11-17,12.0835695
2023-11-18,12.003973
2023-11-19,12.2292519
2023-11-20,12.0900793
2023-11-21,11.6550331
2023-11-22,10.2163191
2023-11-23,11.1411772
2023-11-24,10.9924364
2023-11-25,11.3898582
2023-11-26,10.5049686
2023-11-27,10.8116179
2023-11-28,11.5136693719087
2023-11-29,11.7197495
2023-11-30,11.0219221
2023-12-01,10.3826742
2023-12-02,11.6003819
2023-12-04,11.0185499
2023-12-05,11.2195816
2023-12-06,10.8098078
2023-12-07,10.8655539
2023-12-08,11.5734301
2023-12-09,10.5501509
2023-12-10,10.4203157
2023-12-11,11.4508371
2023-12-12,11.8006334
2023-12-13,11.5474129
2023-12-14,11.8098965
2023-12-15,12.0087767
2023-12-16,11.4747086
2023-12-17,11.7233505
2023-12-18,11.7289839
2023-12-19,11.3067865
2023-12-20,11.3429022
2023-12-21,11.6785851
2023-12-22,11.5956135
2023-12-23,11.7133541
2023-12-24,11.6557693
2023-12-25,11.4902267
2023-12-26,11.4523792
2023-12-27,11.3912172
2023-12-28,12.0798826
2023-12-29,10.9023943
2023-12-30,12.1231604
2023-12-31,11.3136396
2024-01-01,11.7997055
2024-01-02,11.4117126
2024-01-03,10.9595642
2024-01-04,11.6261492
2024-01-05,11.9447584
2024-01-06,10.9989281
2024-01-07,11.0775785
2024-01-08,11.1773243
2024-01-09,12.167449
2024-01-10,11.3600273
2024-01-11,12.0880909
2024-01-12,11.8924828
2024-01-13,10.9654408
2024-01-14,11.1827135
2024-01-15,10.4588251
2024-01-16,10.027894
2024-01-17,10.8829155
2024-01-18,11.1521454
2024-01-19,11.4213772
2024-01-20,11.7483377
2024-01-21,12.0160761
2024-01-22,12.5150824
2024-01-23,11.175848
2024-01-24,11.3028917
2024-01-25,12.5995073
2024-01-26,12.6121483
2024-01-27,12.6988688
2024-01-28,12.7448082
2024-01-29,12.7469501
2024-01-30,12.6167507
2024-01-31,12.3161545
2024-02-01,11.955349
2024-02-02,11.9481096
2024-02-03,12.0050268
2024-02-04,12.8269911
2024-02-05,11.6613312
2024-02-06,11.6807404
2024-02-07,11.28405
2024-02-08,12.3283882
2024-02-09,12.1315069
2024-02-10,12.7334366
2024-02-12,12.0494528
2024-02-13,12.9729605
2024-02-14,12.8324499
2024-02-15,12.8018961
2024-02-16,13.2127428
2024-02-17,13.5625134
2024-02-18,13.5028543
2024-02-19,13.2447948
2024-02-20,13.5024042
2024-02-21,12.7626181
2024-02-22,13.9462566
2024-02-23,12.7776451
2024-02-24,13.7353477
2024-02-25,12.9737196
2024-02-26,12.989399
2024-02-27,13.4722834
2024-02-28,13.5762787
2024-02-29,13.5920906
2024-03-01,12.9689207
2024-03-02,13.3025885
2024-03-03,12.4469604
2024-03-04,12.549015
2024-03-05,13.1359072
2024-03-06,12.3679895
2024-03-07,12.3700352
2024-03-08,11.0342684
2024-03-09,11.1124706
2024-03-10,10.5922918
2024-03-11,11.8525705
2024-03-12,12.3839912
2024-03-13,11.6659784
2024-03-14,12.8097324
2024-03-15,12.6920261
2024-03-16,13.3514719
2024-03-17,13.1884212
2024-03-18,14.2946053
2024-03-19,13.8382902
2024-03-20,13.0301008
2024-03-21,13.4402485
2024-03-22,13.6889003515899
2024-03-23,13.793457
2024-03-24,13.9585972
2024-03-25,13.5671339
2024-03-26,13.4325581
2024-03-27,12.517128
2024-03-28,12.6885214
2024-03-29,13.3640881
2024-03-30,13.1002798
2024-03-31,13.0252943
2024-04-01,12.8480835
2024-04-02,13.7286568
2024-04-03,12.7960682
2024-04-04,12.234972
2024-04-05,13.2050438
2024-04-06,12.6086254
2024-04-07,12.2853699
2024-04-08,11.5088425
2024-04-09,11.7299366
2024-04-10,11.7430773
2024-04-11,12.4374714
2024-04-12,12.5886698
2024-04-13,12.8327084
2024-04-14,12.3837328
2024-04-15,12.4152384
2024-04-16,12.1668434
2024-04-17,12.1362057
2024-04-18,11.92064
2024-04-19,12.4837685
2024-04-20,11.7353621
2024-04-21,12.0100431
2024-04-22,11.6108713
2024-04-23,12.0711021
2024-04-24,11.2633562
2024-04-25,11.9601192
2024-04-26,12.0551519
2024-04-27,11.5298214
2024-04-28,11.3465462
2024-04-29,10.5423632
2024-04-30,10.9891701
2024-05-01,10.7517872
2024-05-02,10.8820972
2024-05-03,9.83014202
2024-05-04,10.0767651
2024-05-05,10.4688025
2024-05-06,10.7262592
2024-05-07,10.6259956
2024-05-08,9.12626076
2024-05-09,10.8552675
2024-05-10,10.576313
2024-05-11,10.1155043
2024-05-12,10.8817587
2024-05-13,10.5142155
2024-05-14,10.6061468
2024-05-15,10.8717918
2024-05-16,10.0115042
2024-05-17,9.58125452245111
2024-05-18,9.91194057
2024-05-19,10.39468
2024-05-20,9.79763603
2024-05-21,9.54598713
2024-05-22,9.1556406
2024-05-23,9.54563904
2024-05-24,10.013607
2024-05-25,9.20358086
2024-05-26,9.3426218
2024-05-27,10.1565504
